{"cameraMode":{"drawMode":0,"name":"Shaded","section":"Shading Mode"},"sceneLighting":false,"audioPlay":false,"sceneViewState":{"m_AlwaysRefresh":false,"showFog":false,"showSkybox":false,"showFlares":false,"showImageEffects":false,"showParticleSystems":false,"showVisualEffectGraphs":true,"m_FxEnabled":true},"in2DMode":false,"pivot":{"x":0.0020636320114135744,"y":1.1487767696380616,"z":1.0979807376861573},"rotation":{"x":-0.035763125866651538,"y":-0.9629369378089905,"z":0.1618272215127945,"w":-0.21280509233474732},"size":1.584545612335205,"orthographic":false}