{"cameraMode":{"drawMode":0,"name":"Shaded","section":"Shading Mode"},"sceneLighting":false,"audioPlay":false,"sceneViewState":{"m_AlwaysRefresh":false,"showFog":false,"showSkybox":false,"showFlares":false,"showImageEffects":false,"showParticleSystems":false,"showVisualEffectGraphs":true,"m_FxEnabled":true},"in2DMode":false,"pivot":{"x":-0.01812654733657837,"y":1.0856201648712159,"z":-0.06604614853858948},"rotation":{"x":0.1501830816268921,"y":-0.7940965890884399,"z":0.21797655522823335,"w":0.5471221804618836},"size":1.4245516061782838,"orthographic":false}